Anemia,Osteopenia,Diarrea Cronica,Mancata Crescita,Disturbi Genetici,Madre Celiaca,POCT,IGA totali,TTG IGG,TTG_IGA,Esami del sangue,Class
1,1,0,1,1,0,1,0.74,nan,21.51,1,1
0,0,0,0,0,0,0,nan,nan,nan,nan,0
1,1,0,0,0,0,0,0.7,nan,1.39,0,0
0,1,0,0,0,0,0,0.7,nan,4.82,0,0
0,0,0,0,0,0,0,nan,nan,nan,nan,0
0,1,0,0,0,0,0,1.78,nan,6.99,0,0
0,0,0,0,0,0,0,nan,nan,nan,nan,0
1,0,0,0,0,0,0,2.69,nan,6.24,0,0
0,1,0,0,0,0,0,0.7,nan,4.0,0,0
0,0,0,0,0,0,0,nan,nan,nan,nan,0
0,1,0,0,0,0,0,0.91,nan,4.81,0,0
0,0,0,0,0,0,0,nan,nan,nan,nan,0
1,0,0,0,0,0,0,4.22,nan,4.81,0,0
0,0,0,0,0,0,0,nan,nan,nan,nan,0
0,0,0,0,0,0,0,nan,nan,nan,nan,0
0,0,0,0,0,0,0,nan,nan,nan,nan,0
0,0,0,0,0,0,0,nan,nan,nan,nan,0
0,0,0,0,0,0,0,nan,nan,nan,nan,0
1,1,0,0,0,0,0,1.61,nan,5.94,0,0
0,0,0,0,0,0,0,nan,nan,nan,nan,0
0,0,0,0,0,0,0,nan,nan,nan,nan,0
0,0,0,0,0,0,0,nan,nan,nan,nan,0
0,0,0,0,0,0,0,nan,nan,nan,nan,0
0,0,0,0,0,0,0,nan,nan,nan,nan,0
0,1,0,0,0,0,0,0.7,nan,2.29,0,0
0,1,0,0,0,0,0,2.06,nan,4.82,0,0
0,0,0,0,0,0,0,nan,nan,nan,nan,0
0,1,0,0,0,0,0,3.87,nan,2.47,0,0
0,0,0,0,0,0,0,nan,nan,nan,nan,0
0,0,0,0,0,0,0,nan,nan,nan,nan,0
0,0,0,0,0,0,0,nan,nan,nan,nan,0
0,0,0,0,0,0,0,nan,nan,nan,nan,0
0,0,0,0,0,0,0,nan,nan,nan,nan,0
0,0,0,0,0,0,0,nan,nan,nan,nan,0
0,1,0,0,0,0,0,2.12,nan,1.39,0,0
0,0,0,0,0,0,0,nan,nan,nan,nan,0
0,1,0,0,0,0,0,0.7,nan,4.78,0,0
0,0,0,0,0,0,0,nan,nan,nan,nan,0
0,0,0,0,0,0,0,nan,nan,nan,nan,0
1,0,0,0,0,0,0,0.99,nan,5.43,0,0
0,0,0,0,0,0,0,nan,nan,nan,nan,0
1,1,0,0,0,0,0,0.7,nan,6.63,0,0
1,0,0,0,0,0,0,2.14,nan,3.09,0,0
1,0,0,0,0,0,0,0.7,nan,7.42,0,0
0,1,0,0,0,0,0,0.7,nan,5.12,0,0
1,1,0,0,0,0,0,1.02,nan,3.4,0,0
0,0,0,0,0,0,0,nan,nan,nan,nan,0
0,0,0,0,0,0,0,nan,nan,nan,nan,0
0,0,0,0,0,0,0,nan,nan,nan,nan,0
0,0,0,0,0,0,0,nan,nan,nan,nan,0
0,1,0,0,0,0,0,3.75,nan,6.05,0,0
0,1,0,0,0,0,0,1.08,nan,4.43,0,0
0,0,0,0,0,0,0,nan,nan,nan,nan,0
1,1,1,0,0,0,0,0.7,nan,7.65,0,0
0,1,0,0,0,0,0,0.7,nan,1.7,0,0
1,0,0,0,0,0,0,0.7,nan,0.55,0,0
0,0,1,0,0,0,0,0.7,nan,2.91,0,0
0,0,0,0,0,0,0,nan,nan,nan,nan,0
0,0,0,0,0,0,0,nan,nan,nan,nan,0
0,1,0,0,0,0,0,3.19,nan,3.42,0,0
1,1,0,0,0,0,0,0.7,nan,4.34,0,0
0,1,0,0,0,0,0,0.7,nan,4.4,0,0
0,1,1,0,0,0,0,4.07,nan,2.45,0,0
0,0,0,0,0,0,0,nan,nan,nan,nan,0
0,0,0,0,0,0,0,nan,nan,nan,nan,0
1,0,0,0,0,0,0,1.65,nan,4.89,0,0
1,1,0,0,0,0,0,0.7,nan,3.14,0,0
1,1,0,0,0,0,0,0.7,nan,4.15,0,0
0,0,0,0,0,0,0,nan,nan,nan,nan,0
0,1,0,0,0,0,0,0.7,nan,3.05,0,0
0,1,0,0,0,0,0,3.54,nan,6.5,0,0
0,0,1,0,0,0,0,4.1,nan,5.05,0,0
1,0,0,0,0,0,0,0.7,nan,2.05,0,0
0,0,0,0,0,0,0,nan,nan,nan,nan,0
1,0,0,0,0,0,0,1.44,nan,2.16,0,0
0,0,0,0,0,0,0,nan,nan,nan,nan,0
1,0,0,0,0,0,0,0.7,nan,6.53,0,0
0,1,0,0,0,0,0,0.7,nan,3.72,0,0
0,0,0,0,0,0,0,nan,nan,nan,nan,0
0,0,0,0,0,0,0,nan,nan,nan,nan,0
0,1,0,0,0,0,0,0.7,nan,1.98,0,0
0,0,0,0,0,0,0,nan,nan,nan,nan,0
0,0,0,0,0,0,0,nan,nan,nan,nan,0
0,1,0,0,0,0,0,0.7,nan,3.35,0,0
0,0,0,0,0,0,0,nan,nan,nan,nan,0
0,0,0,0,0,0,0,nan,nan,nan,nan,0
0,0,0,0,0,0,0,nan,nan,nan,nan,0
0,0,0,0,0,0,0,nan,nan,nan,nan,0
1,1,0,0,0,0,0,6.5,nan,3.97,0,0
0,0,0,0,0,0,0,nan,nan,nan,nan,0
0,1,0,0,0,0,0,0.7,nan,8.52,0,0
0,1,0,0,0,0,0,0.7,nan,5.52,0,0
0,0,0,0,0,0,0,nan,nan,nan,nan,0
0,0,0,0,0,0,0,nan,nan,nan,nan,0
0,0,0,0,0,0,0,nan,nan,nan,nan,0
0,1,1,0,0,0,0,3.38,nan,2.07,0,0
0,0,0,0,0,0,0,nan,nan,nan,nan,0
0,0,0,0,0,0,0,nan,nan,nan,nan,0
0,1,1,0,0,0,1,1.57,nan,27.2,1,1
0,1,0,0,0,0,0,0.7,nan,1.43,0,0
0,1,0,0,0,0,0,2.96,nan,4.27,0,0
0,0,0,0,0,0,0,nan,nan,nan,nan,0
1,0,0,0,0,0,0,0.86,nan,6.87,0,0
0,0,0,0,0,0,0,nan,nan,nan,nan,0
0,0,0,0,0,0,0,nan,nan,nan,nan,0
1,0,0,0,0,0,0,2.21,nan,2.72,0,0
0,0,0,0,0,1,0,0.7,nan,7.05,0,0
0,0,0,0,0,0,0,nan,nan,nan,nan,0
0,0,1,0,0,0,0,0.7,nan,6.88,0,0
0,1,0,0,0,0,0,2.06,nan,3.05,0,0
1,0,0,0,0,0,0,0.7,nan,5.38,0,0
1,0,0,0,0,1,0,0.72,nan,0.57,0,0
0,1,0,0,0,0,0,2.27,nan,3.98,0,0
0,0,0,0,0,0,0,nan,nan,nan,nan,0
0,0,0,0,0,0,2,0.1,3.62,nan,0,0
1,0,0,0,0,0,0,1.77,nan,4.16,0,0
1,1,0,0,0,0,0,0.7,nan,4.78,0,0
0,0,0,0,0,0,0,nan,nan,nan,nan,0
0,1,0,1,0,0,0,0.7,nan,6.4,0,0
0,0,0,0,0,0,0,nan,nan,nan,nan,0
0,1,0,0,0,0,0,1.55,nan,7.18,0,0
0,0,0,0,0,0,0,nan,nan,nan,nan,0
0,0,0,0,0,0,0,nan,nan,nan,nan,0
0,0,0,0,0,0,0,nan,nan,nan,nan,0
1,0,0,0,0,0,0,1.58,nan,4.11,0,0
1,0,0,0,0,0,0,0.9,nan,4.83,0,0
0,1,0,0,0,0,0,1.13,nan,4.7,0,0
0,0,0,0,0,0,0,nan,nan,nan,nan,0
1,0,0,0,0,0,0,1.12,nan,2.76,0,0
1,0,0,0,0,0,0,2.34,nan,4.07,0,0
0,0,0,0,0,0,0,nan,nan,nan,nan,0
0,0,0,0,0,0,0,nan,nan,nan,nan,0
0,1,0,0,0,0,0,0.7,nan,3.51,0,0
0,1,0,0,0,0,0,0.7,nan,4.51,0,0
1,1,0,0,0,0,0,1.38,nan,4.98,0,0
0,0,0,0,0,0,0,nan,nan,nan,nan,0
0,0,0,0,0,0,0,nan,nan,nan,nan,0
1,0,0,0,0,0,0,5.82,nan,4.5,0,0
0,1,0,0,0,0,0,0.7,nan,3.95,0,0
0,1,0,0,0,0,0,3.75,nan,3.58,0,0
0,0,0,0,0,0,0,nan,nan,nan,nan,0
0,0,0,0,0,0,0,nan,nan,nan,nan,0
0,0,0,0,0,0,0,nan,nan,nan,nan,0
1,1,0,0,0,0,0,2.18,nan,4.07,0,0
0,0,1,0,0,0,0,5.48,nan,4.82,0,0
0,0,0,0,0,0,0,nan,nan,nan,nan,0
0,0,0,0,0,0,0,nan,nan,nan,nan,0
0,1,1,0,0,0,0,2.42,nan,5.46,0,0
1,0,0,0,0,0,0,0.7,nan,3.14,0,0
0,1,0,0,0,0,0,0.7,nan,1.85,0,0
1,0,0,0,0,0,0,6.54,nan,3.53,0,0
0,0,0,0,0,0,0,nan,nan,nan,nan,0
0,1,0,0,0,0,0,1.99,nan,6.22,0,0
0,0,0,0,0,0,0,nan,nan,nan,nan,0
0,1,0,0,0,0,0,0.7,nan,3.76,0,0
1,0,0,0,0,0,0,2.77,nan,8.58,0,0
0,0,0,0,0,0,0,nan,nan,nan,nan,0
1,0,0,0,0,0,0,0.7,nan,5.62,0,0
0,0,0,0,0,0,0,nan,nan,nan,nan,0
0,0,0,0,0,0,0,nan,nan,nan,nan,0
0,1,0,0,0,0,0,0.88,nan,6.34,0,0
0,0,0,0,0,0,0,nan,nan,nan,nan,0
0,0,0,0,0,0,0,nan,nan,nan,nan,0
1,0,0,0,0,0,0,0.7,nan,1.03,0,0
0,0,0,0,0,0,0,nan,nan,nan,nan,0
1,0,0,0,0,0,0,0.7,nan,6.91,0,0
0,1,0,0,0,0,0,4.14,nan,3.37,0,0
0,0,0,0,0,0,0,nan,nan,nan,nan,0
1,1,0,0,0,0,0,0.7,nan,0.07,0,0
0,0,0,0,0,0,0,nan,nan,nan,nan,0
0,0,0,0,0,0,0,nan,nan,nan,nan,0
0,0,1,0,0,0,0,2.0,nan,5.64,0,0
1,0,0,0,0,0,0,0.82,nan,2.17,0,0
1,0,0,0,0,0,0,0.7,nan,4.15,0,0
0,0,0,0,0,0,0,nan,nan,nan,nan,0
0,1,0,0,0,0,0,0.7,nan,1.61,0,0
0,0,0,0,0,0,0,nan,nan,nan,nan,0
0,1,0,0,0,0,0,2.32,nan,5.76,0,0
0,1,0,0,0,0,0,0.7,nan,2.65,0,0
0,0,0,0,0,0,0,nan,nan,nan,nan,0
0,0,0,0,0,0,0,nan,nan,nan,nan,0
1,0,0,0,0,0,0,1.35,nan,7.78,0,0
0,0,0,0,0,0,0,nan,nan,nan,nan,0
0,0,0,0,0,0,0,nan,nan,nan,nan,0
0,0,0,0,0,0,0,nan,nan,nan,nan,0
0,0,0,0,0,0,0,nan,nan,nan,nan,0
0,0,1,0,0,0,0,2.88,nan,6.3,0,0
0,0,0,0,0,0,0,nan,nan,nan,nan,0
1,0,0,0,0,0,0,0.7,nan,4.21,0,0
0,0,0,0,0,0,0,nan,nan,nan,nan,0
0,1,0,0,0,0,0,0.7,nan,4.71,0,0
0,0,0,0,0,0,0,nan,nan,nan,nan,0
1,0,0,0,0,0,0,0.7,nan,5.07,0,0
0,0,0,0,0,0,0,nan,nan,nan,nan,0
0,0,1,0,0,0,0,1.86,nan,7.38,0,0
0,0,0,0,0,0,0,nan,nan,nan,nan,0
1,0,0,0,0,0,0,0.7,nan,6.04,0,0
0,1,0,0,0,0,0,0.7,nan,6.84,0,0
0,0,0,0,0,0,0,nan,nan,nan,nan,0
0,1,0,0,0,0,0,2.98,nan,6.02,0,0
0,1,1,0,0,0,1,0.7,nan,24.08,1,1
0,0,0,0,0,0,0,nan,nan,nan,nan,0
1,0,0,0,0,0,0,0.7,nan,5.29,0,0
0,1,0,0,0,0,0,2.09,nan,9.11,0,0
0,1,0,0,0,0,0,0.8,nan,5.04,0,0
0,1,0,0,0,0,0,4.03,nan,3.24,0,0
0,0,0,0,0,0,0,nan,nan,nan,nan,0
0,0,0,0,0,0,0,nan,nan,nan,nan,0
0,0,0,0,0,0,0,nan,nan,nan,nan,0
0,1,0,0,0,0,0,0.7,nan,3.69,0,0
1,1,0,0,0,0,0,2.66,nan,6.7,0,0
0,0,0,0,0,0,0,nan,nan,nan,nan,0
0,0,0,0,0,0,0,nan,nan,nan,nan,0
0,0,0,0,0,0,0,nan,nan,nan,nan,0
0,0,0,0,0,0,0,nan,nan,nan,nan,0
1,1,0,0,0,0,0,2.7,nan,5.16,0,0
0,0,0,0,0,0,0,nan,nan,nan,nan,0
0,0,0,0,0,0,0,nan,nan,nan,nan,0
0,1,0,0,0,0,0,0.7,nan,7.27,0,0
0,1,0,0,0,0,0,1.28,nan,5.73,0,0
0,0,0,0,0,0,0,nan,nan,nan,nan,0
0,0,0,0,0,0,0,nan,nan,nan,nan,0
0,0,0,0,0,0,0,nan,nan,nan,nan,0
0,1,0,0,0,0,0,0.7,nan,8.08,0,0
0,0,0,0,0,0,0,nan,nan,nan,nan,0
0,0,0,0,0,0,0,nan,nan,nan,nan,0
0,0,1,0,0,0,0,2.28,nan,2.61,0,0
0,0,0,0,0,0,0,nan,nan,nan,nan,0
0,0,0,0,0,0,0,nan,nan,nan,nan,0
1,0,0,0,0,0,0,3.77,nan,3.7,0,0
1,0,0,0,0,0,0,1.81,nan,4.94,0,0
0,0,0,0,0,0,0,nan,nan,nan,nan,0
1,0,0,0,0,0,0,0.7,nan,0.99,0,0
0,0,0,0,0,0,0,nan,nan,nan,nan,0
0,0,0,0,0,0,0,nan,nan,nan,nan,0
0,0,0,0,0,0,0,nan,nan,nan,nan,0
0,1,0,0,0,0,0,0.7,nan,4.66,0,0
1,0,0,0,0,0,0,3.54,nan,2.35,0,0
1,0,0,0,0,0,0,3.02,nan,4.48,0,0
0,0,0,0,0,0,0,nan,nan,nan,nan,0
0,1,0,0,0,0,0,0.7,nan,8.18,0,0
0,1,0,0,0,0,0,0.72,nan,0.01,0,0
0,0,0,0,0,0,0,nan,nan,nan,nan,0
0,1,0,0,0,0,0,4.1,nan,2.97,0,0
1,0,0,0,0,0,0,0.7,nan,6.41,0,0
0,1,0,0,0,0,0,2.36,nan,4.25,0,0
0,0,0,0,0,0,0,nan,nan,nan,nan,0
1,0,0,0,0,0,0,2.44,nan,4.76,0,0
0,1,0,0,0,0,0,0.7,nan,1.73,0,0
0,1,0,0,0,0,0,3.39,nan,3.39,0,0
1,1,0,0,0,0,0,0.78,nan,1.9,0,0
0,0,0,0,0,0,0,nan,nan,nan,nan,0
0,0,0,0,0,0,0,nan,nan,nan,nan,0
1,0,0,0,0,0,0,3.68,nan,3.01,0,0
0,0,0,0,0,0,0,nan,nan,nan,nan,0
0,0,0,0,0,0,0,nan,nan,nan,nan,0
1,0,0,0,0,0,0,2.09,nan,6.28,0,0
1,1,0,0,0,0,0,5.18,nan,5.61,0,0
0,0,0,0,0,0,0,nan,nan,nan,nan,0
0,0,0,0,0,0,0,nan,nan,nan,nan,0
0,0,0,0,0,0,0,nan,nan,nan,nan,0
0,0,0,0,0,0,0,nan,nan,nan,nan,0
0,0,0,0,0,0,0,nan,nan,nan,nan,0
0,0,0,0,0,0,0,nan,nan,nan,nan,0
0,0,0,0,0,0,0,nan,nan,nan,nan,0
0,0,0,0,0,0,0,nan,nan,nan,nan,0
0,0,0,0,0,0,0,nan,nan,nan,nan,0
0,0,0,0,0,0,0,nan,nan,nan,nan,0
0,0,0,0,0,0,0,nan,nan,nan,nan,0
1,1,0,0,0,0,0,2.53,nan,5.26,0,0
0,0,0,0,0,0,0,nan,nan,nan,nan,0
1,0,0,0,0,0,0,1.47,nan,5.81,0,0
0,1,0,0,0,0,0,1.45,nan,4.38,0,0
0,0,0,0,0,0,0,nan,nan,nan,nan,0
0,1,0,0,0,0,0,2.27,nan,4.92,0,0
0,1,0,0,0,0,0,0.7,nan,6.56,0,0
0,0,0,0,0,0,0,nan,nan,nan,nan,0
0,1,0,0,0,0,0,1.66,nan,3.14,0,0
1,0,0,0,0,0,0,2.89,nan,2.88,0,0
0,0,0,0,0,0,0,nan,nan,nan,nan,0
0,0,0,0,0,1,0,4.23,nan,4.66,0,0
0,0,0,0,0,0,0,nan,nan,nan,nan,0
0,1,0,0,0,0,0,2.11,nan,4.13,0,0
0,0,1,0,0,0,0,2.66,nan,4.52,0,0
1,0,0,0,0,0,0,0.7,nan,5.68,0,0
1,0,0,0,0,0,0,0.7,nan,4.7,0,0
0,0,0,0,0,0,0,nan,nan,nan,nan,0
0,0,0,0,0,0,0,nan,nan,nan,nan,0
0,0,0,0,0,0,0,nan,nan,nan,nan,0
0,0,0,0,0,0,0,nan,nan,nan,nan,0
0,1,0,0,0,0,0,0.7,nan,4.95,0,0
0,1,1,0,0,0,0,2.22,nan,6.5,0,0
0,0,0,0,0,0,0,nan,nan,nan,nan,0
0,0,0,0,0,0,0,nan,nan,nan,nan,0
1,0,0,0,0,0,0,2.86,nan,1.83,0,0
0,0,0,0,0,0,0,nan,nan,nan,nan,0
0,0,0,0,0,0,0,nan,nan,nan,nan,0
0,0,0,0,0,0,0,nan,nan,nan,nan,0
0,1,0,0,0,0,0,2.32,nan,1.61,0,0
1,1,0,0,0,0,0,0.7,nan,2.23,0,0
0,1,0,0,0,0,1,0.7,nan,25.66,1,1
0,1,0,0,0,0,0,0.7,nan,7.51,0,0
1,1,0,0,0,0,0,0.7,nan,2.7,0,0
0,0,0,0,0,0,0,nan,nan,nan,nan,0
0,1,0,0,0,0,0,1.1,nan,6.9,0,0
0,0,0,0,0,0,0,nan,nan,nan,nan,0
0,1,0,0,0,0,0,1.28,nan,6.07,0,0
0,0,0,0,0,0,0,nan,nan,nan,nan,0
1,0,0,0,0,1,0,2.66,nan,4.31,0,0
0,1,0,0,0,0,0,0.7,nan,7.52,0,0
0,0,0,0,0,0,0,nan,nan,nan,nan,0
0,1,0,0,0,0,0,0.7,nan,4.53,0,0
1,0,0,0,0,0,0,0.7,nan,0.21,0,0
0,0,0,0,0,0,0,nan,nan,nan,nan,0
0,0,0,0,0,0,0,nan,nan,nan,nan,0
0,0,0,0,0,0,0,nan,nan,nan,nan,0
0,1,0,0,0,0,0,2.56,nan,3.23,0,0
0,1,0,0,0,0,0,0.7,nan,4.29,0,0
0,0,0,0,0,0,0,nan,nan,nan,nan,0
0,0,0,0,0,0,0,nan,nan,nan,nan,0
0,1,0,0,0,0,0,0.84,nan,5.51,0,0
0,0,0,0,0,0,0,nan,nan,nan,nan,0
1,0,0,0,0,0,0,0.7,nan,4.31,0,0
0,0,0,0,0,0,0,nan,nan,nan,nan,0
0,1,0,0,0,0,0,0.7,nan,1.55,0,0
0,0,0,0,0,0,0,nan,nan,nan,nan,0
1,0,0,0,0,0,0,3.13,nan,7.96,0,0
1,0,0,0,0,0,0,3.25,nan,5.92,0,0
1,0,0,0,0,0,0,2.04,nan,7.67,0,0
0,0,0,0,0,0,0,nan,nan,nan,nan,0
0,0,0,0,0,0,0,nan,nan,nan,nan,0
0,0,0,0,0,0,0,nan,nan,nan,nan,0
1,1,0,0,0,0,0,0.7,nan,4.01,0,0
0,0,0,0,0,0,0,nan,nan,nan,nan,0
0,1,0,0,0,0,0,3.14,nan,0.81,0,0
0,1,0,0,0,0,0,6.28,nan,7.63,0,0
1,1,0,0,0,0,0,0.7,nan,4.46,0,0
0,1,0,0,0,0,0,0.73,nan,3.91,0,0
0,0,0,0,0,0,0,nan,nan,nan,nan,0
0,1,0,0,0,0,0,3.15,nan,5.95,0,0
0,0,0,0,0,0,0,nan,nan,nan,nan,0
0,0,0,0,0,0,0,nan,nan,nan,nan,0
1,0,0,0,0,0,0,0.7,nan,3.62,0,0
0,0,0,0,0,0,0,nan,nan,nan,nan,0
1,0,0,0,0,0,0,1.32,nan,6.1,0,0
0,0,0,0,0,0,0,nan,nan,nan,nan,0
0,0,0,0,0,0,0,nan,nan,nan,nan,0
0,0,0,0,0,0,0,nan,nan,nan,nan,0
1,0,0,0,0,0,0,0.7,nan,3.34,0,0
0,1,0,0,0,0,0,0.7,nan,4.86,0,0
0,1,0,0,0,0,0,3.34,nan,5.82,0,0
0,0,0,0,0,0,0,nan,nan,nan,nan,0
0,1,0,0,0,0,0,0.7,nan,3.47,0,0
0,1,0,0,0,0,0,5.11,nan,3.87,0,0
0,0,0,0,0,0,0,nan,nan,nan,nan,0
0,0,0,0,0,0,2,0.09,0.0,nan,0,0
0,0,0,0,0,0,0,nan,nan,nan,nan,0
0,0,0,0,0,0,0,nan,nan,nan,nan,0
0,1,0,0,0,0,0,1.61,nan,3.87,0,0
0,0,1,0,0,0,0,0.7,nan,3.43,0,0
0,1,0,0,0,0,0,1.14,nan,5.99,0,0
0,0,0,0,0,0,0,nan,nan,nan,nan,0
0,0,0,0,0,0,0,nan,nan,nan,nan,0
0,0,0,0,0,0,0,nan,nan,nan,nan,0
0,0,0,0,0,0,0,nan,nan,nan,nan,0
1,0,0,0,0,0,0,0.7,nan,6.14,0,0
1,1,0,0,0,0,0,0.7,nan,2.39,0,0
1,0,0,0,0,0,0,0.7,nan,3.69,0,0
0,1,0,0,0,0,0,0.7,nan,6.51,0,0
1,0,1,0,0,0,0,2.1,nan,2.08,0,0
1,1,0,0,0,0,0,0.7,nan,1.99,0,0
1,0,0,0,0,0,0,0.7,nan,4.68,0,0
0,0,0,0,0,0,0,nan,nan,nan,nan,0
0,0,0,0,0,0,0,nan,nan,nan,nan,0
0,0,0,0,0,0,0,nan,nan,nan,nan,0
0,1,0,0,0,0,0,0.7,nan,3.71,0,0
0,0,0,0,0,0,0,nan,nan,nan,nan,0
0,0,0,0,0,0,0,nan,nan,nan,nan,0
1,0,0,0,0,0,0,0.7,nan,4.03,0,0
1,1,0,0,0,0,0,1.65,nan,3.5,0,0
0,0,0,0,0,0,0,nan,nan,nan,nan,0
0,0,0,0,0,0,0,nan,nan,nan,nan,0
0,0,1,0,0,0,0,0.7,nan,0.29,0,0
1,1,1,0,0,0,0,1.53,nan,8.48,0,0
0,0,0,0,0,0,0,nan,nan,nan,nan,0
0,0,0,0,0,0,0,nan,nan,nan,nan,0
0,1,0,0,0,0,0,0.97,nan,6.23,0,0
1,0,0,0,0,0,0,1.5,nan,2.38,0,0
1,1,0,0,0,0,0,2.36,nan,4.85,0,0
0,1,0,0,0,0,0,0.7,nan,4.49,0,0
0,0,0,0,0,0,0,nan,nan,nan,nan,0
0,0,0,0,0,0,0,nan,nan,nan,nan,0
0,0,0,0,0,0,0,nan,nan,nan,nan,0
0,0,0,0,0,0,0,nan,nan,nan,nan,0
1,1,0,0,0,1,0,0.7,nan,5.71,0,0
0,0,0,0,0,0,0,nan,nan,nan,nan,0
0,0,0,0,0,0,0,nan,nan,nan,nan,0
0,1,0,0,0,0,0,0.7,nan,3.37,0,0
1,0,0,0,0,0,0,4.81,nan,4.83,0,0
0,1,0,1,0,0,1,2.08,nan,21.36,1,1
0,0,0,0,0,0,0,nan,nan,nan,nan,0
0,0,0,0,0,0,0,nan,nan,nan,nan,0
0,0,0,0,0,0,0,nan,nan,nan,nan,0
1,0,0,0,0,0,0,0.7,nan,5.71,0,0
0,1,0,0,0,0,0,0.7,nan,3.62,0,0
1,0,0,0,0,0,0,0.7,nan,2.51,0,0
0,1,0,0,0,0,0,1.44,nan,1.78,0,0
0,0,0,0,0,0,0,nan,nan,nan,nan,0
0,0,0,0,0,0,0,nan,nan,nan,nan,0
0,0,0,0,0,0,0,nan,nan,nan,nan,0
1,0,0,0,0,0,0,0.7,nan,5.91,0,0
0,1,0,0,0,0,0,1.39,nan,4.38,0,0
0,1,1,0,0,0,0,0.7,nan,5.93,0,0
0,1,0,0,0,0,0,0.7,nan,7.95,0,0
0,0,0,0,0,0,0,nan,nan,nan,nan,0
0,1,1,0,0,0,0,0.7,nan,1.59,0,0
0,0,0,0,0,0,0,nan,nan,nan,nan,0
0,0,0,0,0,0,0,nan,nan,nan,nan,0
0,1,0,0,0,0,0,0.7,nan,4.07,0,0
0,1,0,0,0,0,0,6.93,nan,3.33,0,0
0,0,0,0,0,0,0,nan,nan,nan,nan,0
0,0,0,0,0,0,0,nan,nan,nan,nan,0
1,0,0,0,0,0,0,1.6,nan,4.72,0,0
1,0,0,0,0,0,0,0.7,nan,3.02,0,0
0,1,0,0,0,0,0,0.7,nan,2.73,0,0
0,0,0,0,0,0,0,nan,nan,nan,nan,0
1,0,1,0,0,0,0,0.7,nan,4.62,0,0
1,1,0,0,0,0,0,3.53,nan,2.33,0,0
0,1,0,0,0,0,0,0.7,nan,6.37,0,0
1,0,0,0,0,0,0,0.7,nan,1.27,0,0
0,0,0,0,0,0,0,nan,nan,nan,nan,0
0,0,0,0,0,0,0,nan,nan,nan,nan,0
0,1,1,0,0,0,0,1.22,nan,3.05,0,0
0,0,0,0,0,0,0,nan,nan,nan,nan,0
0,0,0,0,0,0,0,nan,nan,nan,nan,0
0,1,0,0,0,0,0,0.93,nan,5.71,0,0
0,0,0,0,0,0,0,nan,nan,nan,nan,0
0,0,0,0,0,0,0,nan,nan,nan,nan,0
1,0,0,1,0,0,0,0.7,nan,4.26,0,0
1,1,0,0,0,0,0,1.44,nan,1.8,0,0
1,0,0,0,0,0,0,2.2,nan,3.39,0,0
0,0,0,0,0,0,0,nan,nan,nan,nan,0
0,0,0,0,0,0,0,nan,nan,nan,nan,0
1,0,0,0,0,0,0,1.89,nan,6.37,0,0
0,1,0,0,0,0,0,1.72,nan,2.62,0,0
0,0,0,0,0,0,0,nan,nan,nan,nan,0
1,0,1,0,0,0,0,0.7,nan,6.92,0,0
0,0,0,0,0,0,0,nan,nan,nan,nan,0
0,0,0,0,0,0,0,nan,nan,nan,nan,0
0,0,0,0,0,0,0,nan,nan,nan,nan,0
0,0,0,0,0,0,0,nan,nan,nan,nan,0
0,0,0,0,0,0,0,nan,nan,nan,nan,0
0,0,1,0,0,0,0,0.7,nan,6.82,0,0
0,0,0,0,0,0,0,nan,nan,nan,nan,0
0,0,0,0,0,0,0,nan,nan,nan,nan,0
0,1,0,0,0,0,0,4.32,nan,0.64,0,0
1,0,0,0,0,0,0,0.7,nan,2.5,0,0
0,0,0,0,0,0,0,nan,nan,nan,nan,0
1,0,1,0,0,0,0,0.7,nan,3.27,0,0
0,1,0,0,0,0,0,2.83,nan,3.12,0,0
0,1,0,0,0,0,0,3.26,nan,3.21,0,0
1,0,0,0,0,0,0,3.19,nan,5.3,0,0
0,0,0,1,0,0,0,0.7,nan,4.98,0,0
1,1,0,0,0,0,0,0.7,nan,7.04,0,0
0,0,0,0,0,0,0,nan,nan,nan,nan,0
0,0,0,0,0,0,0,nan,nan,nan,nan,0
0,1,0,0,0,0,0,0.7,nan,5.39,0,0
0,0,0,0,0,0,0,nan,nan,nan,nan,0
1,0,0,0,0,0,0,0.7,nan,6.64,0,0
0,0,0,0,0,0,0,nan,nan,nan,nan,0
0,0,0,0,0,0,0,nan,nan,nan,nan,0
0,1,0,0,0,0,0,0.7,nan,5.92,0,0
0,0,0,0,0,0,0,nan,nan,nan,nan,0
0,0,0,0,0,0,0,nan,nan,nan,nan,0
0,0,0,0,0,0,0,nan,nan,nan,nan,0
0,1,0,0,0,0,0,1.45,nan,5.39,0,0
0,0,0,0,0,0,0,nan,nan,nan,nan,0
0,1,0,0,0,1,0,0.7,nan,1.1,0,0
0,1,1,0,0,0,0,0.87,nan,1.46,0,0
0,0,0,0,0,0,0,nan,nan,nan,nan,0
0,0,0,0,0,0,0,nan,nan,nan,nan,0
0,0,0,0,0,0,0,nan,nan,nan,nan,0
1,0,0,0,0,0,0,1.07,nan,5.87,0,0
0,0,0,0,0,0,0,nan,nan,nan,nan,0
0,0,0,0,0,0,0,nan,nan,nan,nan,0
0,0,0,0,0,0,0,nan,nan,nan,nan,0
0,0,0,0,0,0,0,nan,nan,nan,nan,0
0,0,0,0,0,0,0,nan,nan,nan,nan,0
0,1,0,0,0,0,0,1.53,nan,3.56,0,0
0,0,0,0,0,0,0,nan,nan,nan,nan,0
0,0,0,0,0,0,0,nan,nan,nan,nan,0
0,1,0,0,0,0,0,0.7,nan,4.7,0,0
1,1,0,0,0,0,0,3.07,nan,4.86,0,0
0,0,0,0,0,0,0,nan,nan,nan,nan,0
0,0,0,0,0,0,0,nan,nan,nan,nan,0
1,0,0,0,0,0,0,0.7,nan,8.25,0,0
0,1,0,0,0,0,0,1.9,nan,4.91,0,0
0,0,0,0,0,0,0,nan,nan,nan,nan,0
0,0,0,0,0,0,0,nan,nan,nan,nan,0
0,0,0,0,0,0,0,nan,nan,nan,nan,0
1,0,0,0,0,0,1,1.44,nan,27.2,1,1
0,1,0,0,0,0,0,0.7,nan,3.97,0,0
1,0,0,0,0,0,0,0.7,nan,8.21,0,0
0,0,0,0,0,0,0,nan,nan,nan,nan,0
0,0,0,0,0,0,0,nan,nan,nan,nan,0
0,0,0,0,0,0,0,nan,nan,nan,nan,0
0,0,0,0,0,0,0,nan,nan,nan,nan,0
0,0,0,0,0,0,0,nan,nan,nan,nan,0
0,0,0,0,0,0,0,nan,nan,nan,nan,0
1,0,0,0,0,0,0,5.22,nan,7.59,0,0
0,0,0,0,0,0,0,nan,nan,nan,nan,0
0,0,0,0,0,0,0,nan,nan,nan,nan,0
0,0,0,0,0,0,0,nan,nan,nan,nan,0
0,0,0,0,0,0,0,nan,nan,nan,nan,0
1,0,0,0,0,0,0,0.7,nan,4.72,0,0
1,0,0,0,0,0,0,1.63,nan,3.61,0,0
0,0,0,0,0,0,0,nan,nan,nan,nan,0
1,0,0,0,0,0,0,4.71,nan,6.82,0,0
1,0,0,0,0,0,0,1.84,nan,0.03,0,0
0,0,0,0,0,0,0,nan,nan,nan,nan,0
0,1,0,0,0,0,0,3.83,nan,5.46,0,0
0,1,0,0,0,0,0,3.89,nan,2.98,0,0
1,0,0,0,0,0,0,0.7,nan,5.35,0,0
0,0,0,0,0,0,0,nan,nan,nan,nan,0
1,0,0,0,0,0,0,2.88,nan,2.95,0,0
0,0,1,0,0,0,0,0.7,nan,3.81,0,0
0,0,0,0,0,0,0,nan,nan,nan,nan,0
0,0,0,0,0,0,0,nan,nan,nan,nan,0
1,0,0,0,0,0,0,0.7,nan,4.35,0,0
0,0,0,0,0,0,0,nan,nan,nan,nan,0
0,1,0,0,0,0,0,4.09,nan,7.79,0,0
0,0,0,0,0,0,0,nan,nan,nan,nan,0
1,0,0,0,0,0,0,1.03,nan,6.41,0,0
0,0,0,0,0,0,0,nan,nan,nan,nan,0
0,0,0,0,0,0,0,nan,nan,nan,nan,0
0,0,0,0,0,0,0,nan,nan,nan,nan,0
0,0,0,0,0,0,0,nan,nan,nan,nan,0
1,1,0,0,0,0,0,0.7,nan,3.19,0,0
0,0,0,0,0,0,0,nan,nan,nan,nan,0
0,1,0,0,0,0,0,0.7,nan,1.54,0,0
0,0,0,0,0,0,0,nan,nan,nan,nan,0
0,0,0,0,0,0,0,nan,nan,nan,nan,0
0,0,0,0,0,0,0,nan,nan,nan,nan,0
0,0,0,0,0,0,0,nan,nan,nan,nan,0
0,0,0,0,0,0,0,nan,nan,nan,nan,0
0,0,1,0,0,0,0,0.8,nan,5.3,0,0
1,0,0,0,0,0,0,0.7,nan,1.84,0,0
0,1,0,0,0,0,0,0.7,nan,3.27,0,0
1,1,0,0,0,0,0,0.7,nan,9.83,0,0
0,0,0,0,0,0,0,nan,nan,nan,nan,0
0,0,0,0,0,0,0,nan,nan,nan,nan,0
0,0,0,0,0,0,0,nan,nan,nan,nan,0
0,0,0,0,0,0,0,nan,nan,nan,nan,0
0,0,0,0,0,0,0,nan,nan,nan,nan,0
0,0,0,0,0,0,0,nan,nan,nan,nan,0
0,0,0,0,0,0,0,nan,nan,nan,nan,0
1,1,0,0,0,0,0,0.7,nan,6.34,0,0
0,0,0,0,0,0,0,nan,nan,nan,nan,0
0,0,0,0,0,0,0,nan,nan,nan,nan,0
0,0,1,0,0,0,0,0.7,nan,5.65,0,0
0,1,0,0,0,0,0,0.7,nan,7.88,0,0
0,1,0,0,0,0,0,0.7,nan,4.05,0,0
1,1,0,0,0,0,0,0.7,nan,6.04,0,0
0,0,0,0,0,0,0,nan,nan,nan,nan,0
0,0,0,0,0,0,0,nan,nan,nan,nan,0
0,1,0,0,0,0,0,0.7,nan,4.39,0,0
0,0,0,0,0,0,0,nan,nan,nan,nan,0
0,0,0,0,0,0,0,nan,nan,nan,nan,0
0,0,0,0,0,0,0,nan,nan,nan,nan,0
0,0,0,0,0,0,0,nan,nan,nan,nan,0
1,0,0,0,0,0,0,1.11,nan,6.09,0,0
0,0,0,0,0,0,0,nan,nan,nan,nan,0
0,1,0,0,0,0,0,3.43,nan,3.84,0,0
0,1,0,0,0,0,0,0.7,nan,4.42,0,0
0,0,0,0,0,0,0,nan,nan,nan,nan,0
0,0,0,0,0,0,0,nan,nan,nan,nan,0
0,1,0,0,0,0,0,0.7,nan,3.01,0,0
0,0,0,0,0,0,0,nan,nan,nan,nan,0
1,0,0,0,0,0,0,0.7,nan,7.48,0,0
1,1,0,0,0,0,0,4.34,nan,7.07,0,0
0,1,0,0,0,0,0,1.71,nan,4.44,0,0
0,1,0,0,0,0,0,3.93,nan,4.6,0,0
0,0,0,0,0,0,0,nan,nan,nan,nan,0
0,1,0,0,0,0,0,0.7,nan,1.01,0,0
0,1,0,0,1,0,0,3.41,nan,5.6,0,0
0,1,0,0,0,0,0,0.7,nan,5.36,0,0
0,0,0,0,0,0,0,nan,nan,nan,nan,0
0,0,0,0,0,0,0,nan,nan,nan,nan,0
1,0,0,0,0,0,0,0.7,nan,2.35,0,0
0,0,0,0,0,0,0,nan,nan,nan,nan,0
0,0,0,0,0,0,0,nan,nan,nan,nan,0
0,1,0,0,0,0,0,3.08,nan,7.5,0,0
0,1,0,0,0,0,0,1.75,nan,3.41,0,0
0,0,0,0,0,0,0,nan,nan,nan,nan,0
1,0,0,0,0,0,0,0.7,nan,6.35,0,0
0,0,1,0,0,0,0,0.81,nan,4.83,0,0
0,0,0,0,0,0,0,nan,nan,nan,nan,0
0,0,0,0,0,0,0,nan,nan,nan,nan,0
1,0,0,0,0,0,0,0.7,nan,4.05,0,0
1,0,0,0,0,0,0,0.7,nan,4.53,0,0
0,1,0,0,0,0,0,0.7,nan,2.9,0,0
0,0,0,0,0,0,0,nan,nan,nan,nan,0
0,0,0,0,0,0,0,nan,nan,nan,nan,0
1,0,0,0,0,0,0,3.52,nan,5.41,0,0
1,0,0,0,1,1,1,0.7,nan,22.84,1,1
1,0,0,0,0,0,0,2.49,nan,2.43,0,0
0,1,0,0,0,0,0,0.7,nan,6.95,0,0
0,0,0,0,0,0,0,nan,nan,nan,nan,0
0,1,0,0,0,0,0,0.7,nan,4.12,0,0
0,1,0,0,0,0,0,0.7,nan,9.77,0,0
1,0,0,0,0,0,0,0.7,nan,5.81,0,0
1,1,0,0,0,0,0,0.7,nan,1.99,0,0
1,0,0,0,0,0,0,2.04,nan,5.63,0,0
0,1,0,0,0,0,0,0.9,nan,3.01,0,0
0,0,0,0,0,0,0,nan,nan,nan,nan,0
0,0,0,0,0,0,0,nan,nan,nan,nan,0
0,1,0,0,0,0,0,0.7,nan,5.62,0,0
1,0,0,0,0,0,0,0.7,nan,6.77,0,0
0,0,0,0,0,0,0,nan,nan,nan,nan,0
0,0,0,0,0,0,0,nan,nan,nan,nan,0
1,0,0,0,0,0,0,0.7,nan,3.09,0,0
0,1,0,0,0,0,0,4.46,nan,3.35,0,0
0,0,0,0,0,0,0,nan,nan,nan,nan,0
0,0,0,0,0,0,0,nan,nan,nan,nan,0
1,1,0,0,0,0,0,3.23,nan,5.75,0,0
0,0,0,0,0,0,0,nan,nan,nan,nan,0
0,0,0,0,0,0,0,nan,nan,nan,nan,0
1,0,0,0,0,0,0,1.27,nan,0.0,0,0
0,1,1,0,0,0,0,1.96,nan,5.59,0,0
0,0,0,0,0,0,0,nan,nan,nan,nan,0
0,0,0,0,0,0,0,nan,nan,nan,nan,0
1,0,0,0,0,0,0,0.7,nan,3.48,0,0
0,0,0,0,0,0,0,nan,nan,nan,nan,0
1,1,0,0,0,0,0,0.85,nan,4.09,0,0
0,1,0,0,0,0,0,6.28,nan,3.29,0,0
0,1,0,0,0,0,0,3.0,nan,3.24,0,0
0,0,0,0,0,0,0,nan,nan,nan,nan,0
0,0,0,0,0,0,0,nan,nan,nan,nan,0
0,0,0,0,0,0,0,nan,nan,nan,nan,0
0,0,0,0,0,0,0,nan,nan,nan,nan,0
0,1,0,0,0,0,0,0.78,nan,3.93,0,0
0,1,0,0,0,0,0,0.7,nan,1.22,0,0
0,0,1,0,0,0,0,0.7,nan,5.62,0,0
0,0,0,0,0,0,0,nan,nan,nan,nan,0
0,0,0,0,0,0,0,nan,nan,nan,nan,0
0,0,0,0,0,0,0,nan,nan,nan,nan,0
0,0,0,0,0,0,0,nan,nan,nan,nan,0
0,0,0,0,0,0,0,nan,nan,nan,nan,0
1,0,0,0,0,0,0,0.7,nan,3.78,0,0
0,0,0,0,0,0,0,nan,nan,nan,nan,0
0,1,0,0,0,0,0,2.2,nan,4.06,0,0
0,0,0,0,0,0,0,nan,nan,nan,nan,0
0,0,0,0,0,0,0,nan,nan,nan,nan,0
0,1,0,0,0,0,0,0.7,nan,5.28,0,0
0,0,0,0,0,0,0,nan,nan,nan,nan,0
0,1,0,0,0,0,0,0.89,nan,4.11,0,0
0,0,0,0,0,0,0,nan,nan,nan,nan,0
1,1,1,0,0,0,0,0.7,nan,6.17,0,0
0,0,0,0,0,0,0,nan,nan,nan,nan,0
0,1,0,0,0,0,0,1.92,nan,3.13,0,0
0,1,0,0,0,0,0,4.24,nan,4.53,0,0
0,0,0,0,0,0,0,nan,nan,nan,nan,0
0,0,0,0,0,0,0,nan,nan,nan,nan,0
1,0,0,0,0,0,0,0.7,nan,6.23,0,0
0,0,0,0,0,0,0,nan,nan,nan,nan,0
0,0,0,0,0,0,0,nan,nan,nan,nan,0
0,0,0,0,0,0,0,nan,nan,nan,nan,0
1,0,0,0,0,0,0,0.7,nan,5.29,0,0
0,1,0,0,0,0,0,5.03,nan,5.72,0,0
0,1,0,0,0,0,0,0.7,nan,6.43,0,0
0,0,1,0,0,0,0,0.7,nan,2.27,0,0
0,0,0,0,0,0,0,nan,nan,nan,nan,0
1,0,0,0,0,0,0,0.7,nan,7.95,0,0
0,0,0,0,0,0,0,nan,nan,nan,nan,0
0,1,0,0,0,0,0,7.24,nan,4.82,0,0
0,0,0,0,0,0,0,nan,nan,nan,nan,0
0,1,0,0,0,0,0,3.23,nan,3.67,0,0
0,1,0,0,0,0,0,0.7,nan,4.36,0,0
0,1,0,0,0,0,0,1.05,nan,3.89,0,0
0,0,0,0,0,0,0,nan,nan,nan,nan,0
0,0,0,0,0,0,0,nan,nan,nan,nan,0
0,0,0,0,0,0,0,nan,nan,nan,nan,0
0,0,0,0,0,0,0,nan,nan,nan,nan,0
0,1,0,0,0,0,0,1.05,nan,2.89,0,0
0,1,1,0,0,0,0,0.7,nan,7.2,0,0
0,0,0,0,0,0,0,nan,nan,nan,nan,0
0,0,0,0,0,0,0,nan,nan,nan,nan,0
0,1,0,0,0,0,0,0.7,nan,4.44,0,0
0,0,0,0,0,0,0,nan,nan,nan,nan,0
0,0,0,0,0,0,0,nan,nan,nan,nan,0
0,0,0,0,0,0,0,nan,nan,nan,nan,0
1,1,0,0,0,0,0,0.7,nan,5.88,0,0
1,0,0,0,0,0,0,0.7,nan,4.79,0,0
0,0,0,0,0,0,0,nan,nan,nan,nan,0
0,0,0,0,0,0,0,nan,nan,nan,nan,0
1,0,0,0,0,0,0,4.46,nan,5.67,0,0
1,0,0,0,0,0,0,0.7,nan,0.36,0,0
0,0,0,0,0,0,0,nan,nan,nan,nan,0
1,0,0,0,0,0,0,0.7,nan,1.62,0,0
1,0,0,0,0,0,0,0.7,nan,4.41,0,0
0,0,0,0,0,0,0,nan,nan,nan,nan,0
0,1,0,0,0,0,0,0.7,nan,2.02,0,0
1,0,0,0,0,0,0,1.18,nan,7.66,0,0
0,1,0,0,0,0,0,1.02,nan,8.11,0,0
0,0,0,0,0,0,0,nan,nan,nan,nan,0
0,0,0,0,0,0,0,nan,nan,nan,nan,0
1,0,0,0,0,0,1,0.7,nan,22.37,1,1
0,0,0,0,0,0,0,nan,nan,nan,nan,0
0,0,0,0,0,0,0,nan,nan,nan,nan,0
0,0,0,0,0,0,0,nan,nan,nan,nan,0
1,1,0,0,0,0,0,0.84,nan,2.64,0,0
0,1,0,0,0,0,0,0.7,nan,4.09,0,0
0,0,0,0,0,0,0,nan,nan,nan,nan,0
0,1,0,0,0,0,0,2.87,nan,1.06,0,0
0,0,0,0,0,0,0,nan,nan,nan,nan,0
0,0,0,0,0,0,0,nan,nan,nan,nan,0
0,0,0,0,0,0,0,nan,nan,nan,nan,0
0,0,1,0,0,0,0,0.7,nan,5.34,0,0
0,1,0,0,0,0,0,2.17,nan,2.12,0,0
0,0,0,0,0,0,0,nan,nan,nan,nan,0
0,0,1,0,0,0,0,0.7,nan,0.83,0,0
1,0,0,0,0,0,0,3.8,nan,5.56,0,0
0,0,0,0,0,0,0,nan,nan,nan,nan,0
0,0,1,0,0,0,0,0.7,nan,5.82,0,0
1,1,0,0,0,0,0,0.74,nan,4.37,0,0
0,1,0,0,0,0,0,0.7,nan,3.44,0,0
1,0,0,0,0,0,0,1.8,nan,5.13,0,0
0,0,0,0,0,0,0,nan,nan,nan,nan,0
0,1,0,0,0,0,0,1.98,nan,4.29,0,0
0,0,0,0,0,0,0,nan,nan,nan,nan,0
0,0,0,0,0,0,0,nan,nan,nan,nan,0
1,0,1,0,0,0,0,1.59,nan,3.49,0,0
1,1,0,0,0,0,0,3.27,nan,5.34,0,0
0,1,0,0,0,0,0,0.7,nan,2.64,0,0
0,0,0,0,0,0,0,nan,nan,nan,nan,0
0,0,1,0,0,0,0,2.28,nan,4.1,0,0
0,1,0,0,0,0,0,0.7,nan,3.44,0,0
0,1,0,0,0,0,0,2.19,nan,5.83,0,0
1,0,0,0,0,0,0,0.7,nan,6.95,0,0
0,0,0,0,0,0,0,nan,nan,nan,nan,0
1,1,0,0,0,0,0,1.35,nan,3.54,0,0
0,0,0,0,0,0,0,nan,nan,nan,nan,0
0,0,0,0,0,0,0,nan,nan,nan,nan,0
1,1,0,0,0,0,0,0.7,nan,3.27,0,0
0,1,0,0,0,0,0,0.7,nan,0.0,0,0
0,0,0,0,0,0,0,nan,nan,nan,nan,0
1,1,0,0,0,0,0,1.66,nan,2.03,0,0
0,0,0,0,0,0,0,nan,nan,nan,nan,0
0,1,0,0,0,0,0,1.11,nan,2.88,0,0
0,0,0,0,0,0,0,nan,nan,nan,nan,0
0,1,0,0,0,0,0,0.7,nan,4.54,0,0
0,0,0,0,0,0,0,nan,nan,nan,nan,0
0,1,0,0,0,0,0,0.7,nan,3.82,0,0
0,0,0,0,0,0,0,nan,nan,nan,nan,0
0,0,1,0,0,0,0,0.7,nan,5.95,0,0
0,0,0,0,0,0,0,nan,nan,nan,nan,0
1,1,0,0,0,0,0,0.7,nan,4.03,0,0
0,0,0,0,0,0,0,nan,nan,nan,nan,0
0,0,0,0,0,0,0,nan,nan,nan,nan,0
1,0,1,0,0,0,0,0.7,nan,2.93,0,0
0,1,0,0,0,0,0,3.65,nan,6.61,0,0
0,0,0,0,0,0,0,nan,nan,nan,nan,0
1,0,0,0,0,1,0,0.7,nan,5.93,0,0
0,0,0,0,0,0,0,nan,nan,nan,nan,0
0,0,0,0,0,0,0,nan,nan,nan,nan,0
0,1,1,0,0,0,0,0.7,nan,4.92,0,0
0,0,0,0,0,0,0,nan,nan,nan,nan,0
1,0,0,0,0,0,0,0.7,nan,2.73,0,0
0,0,1,0,0,0,0,1.16,nan,2.82,0,0
0,1,0,0,0,0,0,3.39,nan,0.36,0,0
0,0,0,0,0,0,0,nan,nan,nan,nan,0
1,1,0,0,0,0,0,0.7,nan,1.93,0,0
0,0,0,0,0,0,0,nan,nan,nan,nan,0
0,0,0,0,0,0,0,nan,nan,nan,nan,0
1,0,0,0,0,0,0,0.7,nan,2.44,0,0
0,0,0,0,0,0,0,nan,nan,nan,nan,0
1,0,0,0,0,0,0,1.75,nan,3.09,0,0
0,1,0,0,0,0,0,0.7,nan,5.76,0,0
0,0,0,0,0,0,0,nan,nan,nan,nan,0
0,0,0,0,0,0,0,nan,nan,nan,nan,0
0,0,0,0,0,0,0,nan,nan,nan,nan,0
1,0,0,0,0,0,0,0.7,nan,7.7,0,0
0,0,0,0,0,0,0,nan,nan,nan,nan,0
0,1,0,0,0,0,0,0.7,nan,6.73,0,0
0,0,0,0,0,0,0,nan,nan,nan,nan,0
0,1,0,0,0,0,0,4.69,nan,8.27,0,0
0,0,0,0,0,0,0,nan,nan,nan,nan,0
1,0,0,0,0,0,0,0.7,nan,8.53,0,0
0,0,0,0,0,0,0,nan,nan,nan,nan,0
0,0,0,0,0,0,0,nan,nan,nan,nan,0
0,0,0,0,0,0,0,nan,nan,nan,nan,0
0,0,0,0,0,0,0,nan,nan,nan,nan,0
0,0,0,0,0,0,0,nan,nan,nan,nan,0
0,0,0,0,0,0,0,nan,nan,nan,nan,0
0,1,0,0,0,0,0,0.7,nan,2.17,0,0
0,0,0,0,0,0,0,nan,nan,nan,nan,0
0,0,0,0,0,0,0,nan,nan,nan,nan,0
0,0,1,0,0,0,0,1.62,nan,5.92,0,0
1,1,0,0,0,0,0,0.7,nan,3.48,0,0
0,0,0,0,0,0,0,nan,nan,nan,nan,0
0,0,0,0,0,0,0,nan,nan,nan,nan,0
0,0,0,0,0,0,0,nan,nan,nan,nan,0
0,0,0,0,0,0,0,nan,nan,nan,nan,0
0,0,0,0,0,0,0,nan,nan,nan,nan,0
0,0,0,0,0,0,0,nan,nan,nan,nan,0
0,1,0,0,0,0,0,0.7,nan,3.93,0,0
0,0,0,0,0,0,1,1.33,nan,25.0,1,1
0,0,0,0,0,0,0,nan,nan,nan,nan,0
0,1,0,0,0,0,0,0.7,nan,4.99,0,0
0,1,0,0,0,0,0,0.7,nan,4.8,0,0
0,0,0,0,0,0,0,nan,nan,nan,nan,0
0,1,0,0,0,0,0,1.15,nan,4.75,0,0
0,1,0,0,0,0,0,4.78,nan,8.6,0,0
1,1,0,0,0,0,0,0.7,nan,3.15,0,0
1,1,0,0,0,0,0,0.7,nan,3.95,0,0
0,0,0,0,0,0,0,nan,nan,nan,nan,0
0,0,0,0,0,0,0,nan,nan,nan,nan,0
0,1,0,0,0,0,0,0.7,nan,6.4,0,0
0,1,0,0,0,0,0,1.81,nan,4.63,0,0
0,0,0,0,0,0,0,nan,nan,nan,nan,0
1,1,0,0,0,0,0,0.7,nan,5.49,0,0
0,1,0,0,0,0,0,0.7,nan,2.63,0,0
0,0,0,0,0,0,0,nan,nan,nan,nan,0
0,0,0,0,0,0,0,nan,nan,nan,nan,0
0,0,0,0,0,0,0,nan,nan,nan,nan,0
0,1,0,0,0,0,0,0.7,nan,5.98,0,0
0,1,0,0,0,0,0,0.7,nan,5.32,0,0
0,0,0,0,0,0,0,nan,nan,nan,nan,0
0,0,0,0,0,0,0,nan,nan,nan,nan,0
0,0,0,0,0,0,0,nan,nan,nan,nan,0
0,0,0,0,0,0,0,nan,nan,nan,nan,0
1,1,0,0,0,0,0,1.28,nan,4.42,0,0
0,0,0,0,0,0,0,nan,nan,nan,nan,0
0,0,0,0,0,0,0,nan,nan,nan,nan,0
0,0,0,0,0,0,0,nan,nan,nan,nan,0
1,0,1,0,0,0,0,1.98,nan,3.6,0,0
0,1,0,0,0,1,0,0.7,nan,5.14,0,0
0,0,0,0,0,0,0,nan,nan,nan,nan,0
0,1,0,0,0,0,0,0.7,nan,3.97,0,0
0,0,0,0,0,0,0,nan,nan,nan,nan,0
0,1,0,0,0,0,0,0.7,nan,2.57,0,0
0,1,0,0,0,0,0,2.12,nan,4.63,0,0
0,0,0,0,0,0,0,nan,nan,nan,nan,0
1,1,0,0,0,0,0,5.57,nan,3.06,0,0
0,0,0,0,0,0,0,nan,nan,nan,nan,0
0,0,0,0,0,0,0,nan,nan,nan,nan,0
0,0,0,0,0,0,0,nan,nan,nan,nan,0
0,0,0,0,0,0,0,nan,nan,nan,nan,0
0,0,0,0,0,0,0,nan,nan,nan,nan,0
0,0,0,0,0,0,0,nan,nan,nan,nan,0
1,1,0,1,0,0,0,0.7,nan,0.0,0,0
0,0,0,0,0,0,0,nan,nan,nan,nan,0
0,0,0,0,0,0,0,nan,nan,nan,nan,0
0,0,0,0,0,0,0,nan,nan,nan,nan,0
0,1,0,0,0,0,0,0.7,nan,3.05,0,0
0,1,0,0,0,0,0,1.54,nan,6.33,0,0
1,0,0,0,0,0,0,0.7,nan,0.0,0,0
0,0,0,0,0,0,0,nan,nan,nan,nan,0
0,0,0,0,0,0,0,nan,nan,nan,nan,0
0,0,0,0,0,0,0,nan,nan,nan,nan,0
0,0,0,0,0,0,0,nan,nan,nan,nan,0
0,0,0,0,0,1,0,0.7,nan,5.32,0,0
1,0,1,0,0,0,0,0.7,nan,2.53,0,0
1,0,0,0,0,0,0,0.7,nan,6.42,0,0
0,0,0,0,0,0,0,nan,nan,nan,nan,0
0,0,0,0,0,0,0,nan,nan,nan,nan,0
0,0,0,0,0,0,0,nan,nan,nan,nan,0
0,1,0,0,0,0,0,0.7,nan,4.34,0,0
0,0,0,0,0,0,0,nan,nan,nan,nan,0
0,0,0,0,0,0,0,nan,nan,nan,nan,0
0,0,0,0,0,0,0,nan,nan,nan,nan,0
0,0,0,0,0,0,0,nan,nan,nan,nan,0
0,0,0,0,0,0,0,nan,nan,nan,nan,0
0,0,0,0,0,0,0,nan,nan,nan,nan,0
0,0,0,0,0,0,0,nan,nan,nan,nan,0
0,0,0,0,0,0,0,nan,nan,nan,nan,0
0,0,1,0,0,0,0,0.7,nan,6.7,0,0
1,0,0,0,0,0,0,0.7,nan,7.44,0,0
0,0,0,0,0,0,0,nan,nan,nan,nan,0
0,0,0,0,0,0,0,nan,nan,nan,nan,0
0,1,1,0,0,0,0,2.28,nan,4.86,0,0
0,0,0,0,0,0,0,nan,nan,nan,nan,0
0,0,0,0,0,0,0,nan,nan,nan,nan,0
0,0,0,0,0,0,0,nan,nan,nan,nan,0
0,0,0,0,0,0,0,nan,nan,nan,nan,0
0,0,0,0,0,0,0,nan,nan,nan,nan,0
0,1,0,0,0,0,0,0.7,nan,5.74,0,0
0,0,1,0,0,0,0,1.14,nan,4.86,0,0
0,0,0,0,0,0,0,nan,nan,nan,nan,0
0,0,0,0,0,0,0,nan,nan,nan,nan,0
1,0,1,0,0,0,0,1.33,nan,2.72,0,0
1,1,0,0,0,0,0,0.7,nan,6.29,0,0
0,0,0,0,0,0,0,nan,nan,nan,nan,0
1,0,0,0,0,0,0,1.71,nan,2.12,0,0
0,1,0,0,0,0,0,5.49,nan,6.3,0,0
0,0,0,0,0,0,0,nan,nan,nan,nan,0
0,0,0,0,0,0,0,nan,nan,nan,nan,0
0,0,0,0,0,0,0,nan,nan,nan,nan,0
0,1,0,0,0,0,0,0.94,nan,4.17,0,0
0,0,0,0,0,0,0,nan,nan,nan,nan,0
0,0,0,0,0,0,0,nan,nan,nan,nan,0
0,1,0,0,0,0,0,0.95,nan,4.48,0,0
0,1,0,0,0,0,0,0.7,nan,7.19,0,0
1,0,0,0,0,0,0,3.0,nan,6.71,0,0
0,1,0,0,0,0,0,0.7,nan,2.38,0,0
1,1,0,0,0,0,0,3.14,nan,4.39,0,0
1,0,1,0,1,0,1,0.7,nan,23.22,1,1
0,1,0,0,0,0,0,2.07,nan,3.79,0,0
0,1,0,0,0,0,0,0.82,nan,4.76,0,0
0,0,0,0,0,0,0,nan,nan,nan,nan,0
0,0,0,0,0,0,0,nan,nan,nan,nan,0
0,0,0,0,0,0,0,nan,nan,nan,nan,0
0,0,0,0,0,0,0,nan,nan,nan,nan,0
1,0,0,0,0,0,0,0.7,nan,6.48,0,0
0,0,0,0,0,0,0,nan,nan,nan,nan,0
0,0,0,0,0,0,0,nan,nan,nan,nan,0
0,1,0,0,0,0,0,0.7,nan,3.59,0,0
0,0,0,0,0,0,0,nan,nan,nan,nan,0
0,0,0,0,0,0,0,nan,nan,nan,nan,0
1,1,0,0,0,0,0,1.71,nan,2.94,0,0
0,0,0,0,0,0,0,nan,nan,nan,nan,0
0,0,0,0,0,0,0,nan,nan,nan,nan,0
0,0,0,0,0,0,0,nan,nan,nan,nan,0
0,0,0,0,0,0,0,nan,nan,nan,nan,0
1,1,0,0,0,0,0,2.13,nan,3.62,0,0
0,0,0,0,0,0,0,nan,nan,nan,nan,0
0,0,0,0,0,0,0,nan,nan,nan,nan,0
0,1,0,0,0,0,0,0.7,nan,3.55,0,0
0,0,0,0,0,0,0,nan,nan,nan,nan,0
0,0,0,0,0,0,0,nan,nan,nan,nan,0
0,0,0,0,0,0,0,nan,nan,nan,nan,0
0,0,0,0,0,0,0,nan,nan,nan,nan,0
0,0,0,0,0,0,0,nan,nan,nan,nan,0
1,0,0,0,0,0,0,0.7,nan,5.38,0,0
1,0,0,0,0,0,0,2.42,nan,6.57,0,0
1,0,0,0,0,0,0,0.7,nan,4.09,0,0
1,0,0,0,0,0,0,3.49,nan,6.56,0,0
0,0,0,0,0,0,0,nan,nan,nan,nan,0
0,1,0,0,0,0,0,1.81,nan,1.39,0,0
1,0,0,0,0,0,0,0.89,nan,4.34,0,0
0,1,0,0,0,0,0,1.68,nan,3.53,0,0
0,0,0,0,0,0,0,nan,nan,nan,nan,0
0,0,0,0,0,0,0,nan,nan,nan,nan,0
0,1,0,0,0,0,0,1.75,nan,5.45,0,0
0,1,1,0,0,0,0,1.27,nan,2.78,0,0
1,0,0,0,0,0,0,1.08,nan,7.8,0,0
0,1,0,0,0,0,0,1.32,nan,3.65,0,0
0,1,0,0,0,0,0,0.7,nan,0.0,0,0
0,0,0,0,0,0,0,nan,nan,nan,nan,0
1,1,0,0,0,0,0,1.52,nan,5.22,0,0
0,0,0,0,0,0,0,nan,nan,nan,nan,0
1,1,1,0,0,0,0,0.7,nan,5.48,0,0
1,1,0,0,0,0,0,3.6,nan,4.62,0,0
1,0,0,0,0,0,0,0.98,nan,7.25,0,0
0,0,0,0,0,0,0,nan,nan,nan,nan,0
0,0,0,0,0,0,0,nan,nan,nan,nan,0
0,1,0,0,0,0,0,3.08,nan,2.97,0,0
1,1,0,0,0,0,0,3.9,nan,0.8,0,0
0,0,0,0,0,0,0,nan,nan,nan,nan,0
0,0,0,0,0,0,0,nan,nan,nan,nan,0
0,0,0,0,0,0,0,nan,nan,nan,nan,0
1,0,0,0,0,0,0,1.51,nan,5.88,0,0
0,1,0,0,0,0,0,0.7,nan,5.58,0,0
0,0,0,0,0,0,0,nan,nan,nan,nan,0
0,0,0,0,0,0,0,nan,nan,nan,nan,0
0,1,0,0,0,0,0,0.7,nan,4.45,0,0
0,1,0,0,0,0,0,2.15,nan,3.09,0,0
1,0,0,0,0,0,0,1.51,nan,4.06,0,0
0,1,1,0,0,0,0,0.7,nan,7.39,0,0
0,0,0,0,0,0,0,nan,nan,nan,nan,0
0,0,0,0,0,0,0,nan,nan,nan,nan,0
0,0,0,0,0,0,0,nan,nan,nan,nan,0
1,0,0,0,0,0,0,2.0,nan,4.73,0,0
0,1,0,0,0,0,0,3.17,nan,7.76,0,0
0,0,0,0,0,0,0,nan,nan,nan,nan,0
0,0,0,0,0,0,0,nan,nan,nan,nan,0
1,1,0,0,0,0,0,2.65,nan,0.54,0,0
0,0,0,0,0,0,0,nan,nan,nan,nan,0
0,0,0,0,0,0,0,nan,nan,nan,nan,0
0,0,0,0,0,0,0,nan,nan,nan,nan,0
0,0,0,0,0,0,0,nan,nan,nan,nan,0
1,0,0,0,0,0,0,0.7,nan,5.12,0,0
0,0,0,0,0,0,0,nan,nan,nan,nan,0
1,1,0,0,0,0,0,2.99,nan,3.25,0,0
1,0,0,0,0,0,0,1.53,nan,2.11,0,0
0,0,0,0,0,0,0,nan,nan,nan,nan,0
0,1,0,0,0,0,0,0.7,nan,3.07,0,0
0,0,0,0,0,0,0,nan,nan,nan,nan,0
0,0,0,0,0,0,0,nan,nan,nan,nan,0
1,1,0,0,0,0,0,1.44,nan,5.71,0,0
0,1,0,0,0,0,0,3.19,nan,4.66,0,0
0,1,0,0,0,0,0,1.18,nan,5.68,0,0
0,0,1,0,0,0,0,1.79,nan,2.91,0,0
0,1,0,0,0,0,0,1.51,nan,5.45,0,0
0,1,0,0,0,0,0,0.7,nan,4.07,0,0
1,0,0,0,0,0,0,1.4,nan,5.7,0,0
0,1,0,0,0,0,0,2.24,nan,4.55,0,0
1,1,0,0,0,0,0,0.96,nan,5.91,0,0
0,1,0,0,0,0,0,2.48,nan,7.17,0,0
0,0,0,0,0,0,0,nan,nan,nan,nan,0
0,0,0,0,0,0,0,nan,nan,nan,nan,0
0,1,0,0,0,0,0,0.7,nan,6.89,0,0
1,1,0,0,0,0,0,0.7,nan,2.97,0,0
0,0,0,0,0,0,0,nan,nan,nan,nan,0
0,0,0,0,0,0,0,nan,nan,nan,nan,0
0,0,0,0,0,0,0,nan,nan,nan,nan,0
0,1,0,0,0,0,0,0.7,nan,3.54,0,0
0,1,0,0,0,0,0,0.7,nan,6.82,0,0
0,1,0,0,0,0,0,2.97,nan,1.75,0,0
0,1,0,0,0,0,0,1.54,nan,2.94,0,0
